BlockId,Label,Features,Latency
blk_-8077934861080917412,Fail,"[E5,E22,E5,E5,E11,E9,E11,E9,E11,E9,E26,E25,E26,E27,E26,E5,E18,E5,E6,E6,E16,E26,E26,E21,E21,E23,E23,E23,E21,E21,E21]",21727
blk_-341418097733124462,Success,"[E5,E5,E5,E22,E11,E9,E11,E9,E11,E9,E26,E26,E26,E23,E23,E23,E21,E21,E21]",23161
blk_-8228828050846185047,Success,"[E22,E5,E5,E5,E26,E26,E26,E11,E9,E11,E9,E11,E9,E23,E23,E23,E21,E21,E21]",37261
blk_2880948377424715301,Success,"[E5,E5,E22,E5,E11,E9,E11,E9,E11,E9,E26,E26,E26,E23,E23,E23,E21,E21,E21]",1680
blk_-5287378853570680111,Success,"[E5,E5,E22,E5,E11,E9,E11,E9,E11,E9,E26,E26,E26,E2,E23,E23,E23,E21,E21,E21]",23879
blk_-467875929601338287,Success,"[E22,E5,E5,E5,E11,E9,E11,E9,E11,E9,E26,E26,E26]",47
blk_8473728677587404018,Fail,"[E22,E5,E5,E5,E11,E9,E11,E9,E9,E26,E26,E11,E25,E18,E26,E5,E6,E16,E26,E21,E3,E23,E23,E23,E21,E21,E20,E21]",48557
blk_7924568147656095930,Success,"[E5,E5,E5,E22,E11,E9,E11,E9,E11,E9,E26,E26,E26,E23,E23,E23,E21,E21,E21]",7055
blk_-3046166049214905759,Success,"[E5,E5,E22,E5,E11,E9,E11,E9,E11,E9,E26,E26,E26,E23,E23,E23,E21,E21,E21]",3067
blk_4379481045216475352,Success,"[E5,E5,E22,E5,E11,E9,E26,E11,E9,E11,E9,E26,E26]",57
blk_188149609258892531,Success,"[E5,E22,E5,E5,E11,E9,E11,E9,E11,E9,E26,E26,E26,E23,E23,E23,E21,E21,E21]",6196
blk_2753779900797121519,Success,"[E22,E5,E5,E5,E11,E9,E11,E9,E11,E9,E26,E26,E26,E3,E3,E4,E23,E23,E23,E21,E21,E21]",50628
blk_8655606054894708525,Fail,"[E5,E5,E22,E5,E11,E9,E9,E11,E9,E26,E26,E11,E26,E3,E23,E23,E23,E21,E21,E21,E20]",49173
blk_-831596187176126207,Success,"[E5,E22,E5,E5,E11,E9,E11,E9,E11,E9,E26,E26,E26]",58
blk_-3330179135762386266,Success,"[E5,E5,E22,E5,E26,E11,E9,E11,E9,E11,E9,E26,E26,E23,E23,E23,E21,E21,E21]",604
blk_-2051914523349045570,Success,"[E22,E5,E5,E5,E26,E26,E26,E11,E9,E11,E9,E11,E9,E4,E3,E3,E4,E3,E3,E4,E3,E3,E23,E23,E23,E21,E21,E21]",32521
blk_1498184661164264933,Success,"[E22,E5,E5,E5,E11,E9,E11,E9,E11,E9,E26,E26,E26,E23,E23,E23,E21,E21,E21]",5485
blk_3543255640424126465,Success,"[E5,E5,E22,E5,E11,E9,E11,E9,E11,E9,E26,E26,E26,E23,E23,E23,E21,E21,E21]",22683
blk_2939767939256726012,Success,"[E5,E22,E5,E5,E11,E9,E11,E9,E11,E9,E26,E26,E26,E23,E23,E23,E21,E21,E21]",23651
blk_2777547556189502259,Fail,"[E22,E5,E5,E5,E26,E11,E9,E11,E9,E26,E11,E9,E27,E26,E4,E3,E4,E2,E23,E23,E23,E21,E21,E21]",49524
blk_3775301150906516212,Success,"[E5,E5,E5,E22,E11,E9,E11,E9,E11,E9,E26,E26,E26,E3,E3,E4,E3,E3,E4,E23,E23,E23,E21,E21,E21]",51586
blk_6224343649004202692,Fail,"[E5,E22,E5,E5,E12,E14,E7,E11,E10,E5,E14,E7,E11,E10,E14,E7,E8,E11,E5,E11,E9,E11,E9,E26,E26,E25,E18,E5,E6,E16,E26,E23,E23,E23,E21,E21,E21]",7507
blk_3360218772269706917,Success,"[E5,E22,E5,E5,E11,E9,E11,E9,E11,E9,E26,E26,E26,E23,E23,E23,E21,E21,E21]",627
blk_-5057834626410636236,Fail,"[E22,E5,E5,E5,E11,E9,E11,E9,E26,E11,E9,E18,E25,E26,E29,E18,E25,E5,E26,E16,E6,E26,E21,E4,E4,E3,E2,E2,E23,E23,E23,E21,E21,E21]",37530
blk_-5036285019668148444,Success,"[E22,E5,E5,E5,E9,E11,E9,E26,E26,E26,E11,E9,E11,E2,E4,E4,E3,E23,E23,E23,E21,E21,E21]",36944
blk_-8213344449220111733,Fail,"[E22,E5,E5,E5,E25,E26,E26,E26,E11,E9,E11,E9,E11,E9,E18,E5,E26,E6,E16,E21,E3,E2,E2,E23,E23,E23,E21,E21,E21]",49859
blk_5512392559223904197,Success,"[E5,E22,E5,E5,E26,E11,E9,E11,E9,E26,E11,E9,E26,E23,E23,E23,E21,E21,E21]",3098
blk_7594247061883248782,Success,"[E5,E5,E5,E22,E11,E9,E11,E9,E11,E9,E26,E26,E26,E23,E23,E23,E21,E21,E21]",22395
blk_8005081090067007411,Fail,"[E22,E5,E5,E5,E26,E26,E11,E9,E11,E9,E11,E9,E26,E4,E3,E4,E23,E23,E23,E21,E21,E21,E20]",49852
blk_-957551204329597737,Success,"[E5,E5,E5,E22,E11,E9,E26,E11,E9,E11,E9,E26,E26,E23,E23,E23,E21,E21,E21]",3149
blk_-6462239487405803606,Success,"[E5,E22,E5,E5,E11,E9,E11,E9,E11,E9,E26,E26,E26]",41
blk_-7599020456535570241,Success,"[E5,E5,E22,E5,E11,E9,E11,E9,E11,E9,E26,E26,E26,E4,E4,E3,E2,E23,E23,E23,E21,E21,E21]",47379
blk_-995965953096593018,Success,"[E22,E5,E5,E5,E11,E9,E11,E9,E11,E9,E26,E26,E26]",67
blk_-8525974924171616989,Success,"[E5,E5,E5,E22,E11,E9,E26,E11,E9,E11,E9,E26,E26,E23,E23,E23,E21,E21,E21]",2132
blk_5944579745732348736,Success,"[E5,E5,E22,E5,E11,E9,E11,E9,E11,E9,E26,E26,E26]",42
blk_3315081804581902733,Success,"[E5,E5,E5,E22,E11,E9,E11,E9,E11,E9,E26,E26,E26,E23,E23,E23,E21,E21,E21]",4624
blk_-1893318378460307759,Success,"[E5,E5,E22,E5,E11,E9,E9,E11,E9,E26,E26,E26,E11,E23,E23,E23,E21,E21,E21]",21875
blk_8321494359868172947,Success,"[E5,E5,E22,E5,E11,E9,E26,E11,E9,E11,E9,E26,E26,E2]",3931
blk_6199601283268763653,Success,"[E5,E5,E5,E22,E11,E9,E11,E9,E11,E9,E26,E26,E26]",1
blk_-2118431056551877046,Success,"[E5,E5,E5,E22,E11,E9,E11,E9,E26,E26,E11,E9,E26,E23,E23,E23,E21,E21,E21]",8881
blk_5350582717061455982,Success,"[E22,E5,E5,E5,E26,E26,E26,E11,E9,E11,E9,E11,E9,E2,E23,E23,E23,E21,E21,E21]",39190
blk_-3827094220903563536,Success,"[E5,E22,E5,E5,E11,E9,E11,E9,E11,E9,E26,E26,E26,E23,E23,E23,E21,E21,E21]",5379
blk_-5722292333260787273,Success,"[E5,E5,E22,E5,E11,E9,E11,E9,E11,E9,E26,E26,E26,E3,E3,E4,E3,E3,E4,E23,E23,E23,E21,E21,E21]",52746
blk_6208180318476761371,Success,"[E5,E22,E5,E5,E11,E9,E11,E9,E11,E9,E26,E26,E26,E23,E23,E23,E21,E21,E21]",22761
blk_2011542564570580989,Success,"[E5,E5,E5,E22,E11,E9,E11,E9,E11,E9,E26,E26,E26,E23,E23,E23,E21,E21,E21]",8142
blk_8832781213490089965,Success,"[E5,E5,E5,E22,E11,E9,E11,E9,E26,E26,E11,E9,E26]",41
blk_-838919763172621473,Success,"[E22,E5,E5,E5,E11,E9,E11,E9,E11,E9,E26,E26,E26,E2,E23,E23,E23,E21,E21,E21]",22276
blk_8934005038670165535,Success,"[E5,E22,E5,E5,E11,E9,E11,E9,E11,E9,E26,E26,E26,E4,E3,E3,E4,E3,E3,E23,E23,E23,E21,E21,E21]",51878
blk_-3838488612621065543,Success,"[E22,E5,E5,E5,E26,E26,E26,E11,E9,E11,E9,E11,E9,E4,E4,E3,E2,E2,E2,E23,E23,E23,E21,E21,E21]",37334
blk_-4081320807067262882,Success,"[E5,E5,E22,E5,E11,E9,E11,E9,E11,E9,E26,E26,E26,E23,E23,E23,E21,E21,E21]",2021
blk_5378429089438004049,Success,"[E5,E22,E5,E5,E11,E9,E11,E9,E26,E26,E11,E9,E26,E3,E3,E3,E3,E23,E23,E23,E21,E21,E21]",52296
blk_8485430768582762916,Success,"[E5,E5,E5,E22,E11,E9,E11,E9,E11,E9,E26,E26,E26]",45
blk_89828374899044264,Success,"[E5,E5,E5,E22,E11,E9,E11,E9,E11,E9,E26,E26,E26]",34
blk_6787458544955005661,Success,"[E5,E22,E5,E5,E11,E9,E11,E9,E11,E9,E26,E26,E26,E23,E23,E23,E21,E21,E21]",20960
blk_-8514861511492234545,Success,"[E5,E22,E5,E5,E11,E9,E11,E9,E11,E9,E26,E26,E26,E2,E23,E23,E23,E21,E21,E21]",3185
blk_7333006829265792396,Fail,"[E5,E5,E5,E22,E13,E11,E9,E13,E11,E9,E13,E11,E9,E26,E26,E26,E25,E18,E16,E6,E5,E26,E26,E21,E23,E23,E23,E23,E20,E21,E21,E21]",9075
blk_-8845606184723750093,Success,"[E5,E22,E5,E5,E11,E9,E11,E9,E11,E9,E26,E26,E26,E23,E23,E23,E21,E21,E21]",22741
blk_-8793583905175757823,Success,"[E22,E5,E5,E5,E11,E9,E11,E9,E26,E26,E26,E11,E9,E3,E3,E4,E3,E3,E4,E3,E4,E3,E4,E3,E3,E23,E23,E23,E21,E21,E21]",32818
blk_4181826982594660676,Success,"[E5,E22,E5,E5,E11,E9,E11,E9,E26,E11,E9,E26,E26]",52
blk_7942900066050332481,Fail,"[E5,E5,E22,E5,E11,E9,E11,E9,E11,E9,E26,E26,E26,E25,E18,E26,E29,E23,E23,E23,E21,E21,E20,E21,E20]",6818
blk_-6331985344827019752,Success,"[E5,E5,E22,E5,E11,E9,E11,E9,E11,E9,E26,E26,E26,E23,E23,E23,E21,E21,E21]",6578
blk_-5447417104355795463,Fail,"[E5,E22,E5,E7]",5
blk_-5717991178405964258,Success,"[E5,E5,E5,E22,E11,E9,E26,E11,E9,E26,E11,E9,E26,E23,E23,E23,E21,E21,E21]",1000
blk_1528078116812077719,Fail,"[E22,E5,E5,E7,E11,E10,E14,E7]",213
blk_5350764165611226168,Success,"[E22,E5,E5,E5,E11,E9,E11,E9,E11,E9,E26,E26,E26,E23,E23,E23,E21,E21,E21]",2749
blk_7912337552800822876,Success,"[E5,E5,E5,E22,E11,E9,E11,E9,E11,E9,E26,E26,E26,E23,E23,E23,E21,E21,E21]",9943
blk_-1007953693546715472,Success,"[E5,E5,E5,E22,E11,E9,E11,E9,E11,E9,E26,E26,E26]",39
blk_-3340006996501680944,Success,"[E5,E5,E5,E22,E11,E9,E11,E9,E11,E9,E26,E26,E26,E23,E23,E23,E21,E21,E21]",23231
blk_-7048685371285091873,Success,"[E5,E22,E5,E5,E11,E9,E11,E9,E11,E9,E26,E26,E26,E23,E23,E23,E21,E21,E21]",3355
blk_-2542840558220095134,Success,"[E5,E5,E22,E5,E11,E9,E11,E9,E11,E9,E26,E26,E26,E23,E23,E23,E21,E21,E21]",779
blk_5161550106694880561,Success,"[E5,E5,E5,E22,E11,E9,E11,E9,E11,E9,E26,E26,E26,E2,E23,E23,E23,E21,E21,E21]",4042
blk_7169347067596634974,Fail,"[E5,E5,E5,E22,E5,E12,E14,E7,E11,E10,E14,E7,E11,E10,E14,E5,E7,E8,E11,E11,E9,E11,E9,E26,E25,E18,E5,E5,E16,E6,E6,E26,E26,E26,E23,E23,E23,E23,E21,E21,E21,E21]",7121
blk_6814888830642852444,Success,"[E5,E5,E5,E22,E11,E9,E11,E9,E26,E26,E11,E9,E26,E23,E23,E23,E21,E21,E21]",238
blk_8962958687853490928,Fail,"[E5,E22,E5,E5,E11,E9,E11,E9,E26,E11,E9,E25,E26,E5,E18,E26,E6,E16,E26,E21,E3,E2,E23,E23,E23,E21,E20,E21,E21]",48336
blk_-6446000510974125901,Success,"[E5,E5,E5,E22,E11,E9,E11,E9,E11,E9,E26,E26,E26,E23,E23,E23,E21,E21,E21]",5686
blk_6513644611995985042,Success,"[E5,E5,E22,E5,E11,E9,E11,E9,E26,E26,E11,E9,E26,E23,E23,E23,E21,E21,E21]",22425
blk_2560421234979727463,Success,"[E22,E5,E5,E5,E11,E9,E11,E9,E26,E26,E11,E9,E26,E23,E23,E23,E21,E21,E21]",10039
blk_-3614242704308407427,Success,"[E5,E5,E22,E5,E11,E9,E26,E11,E9,E11,E9,E26,E26,E23,E23,E23,E21,E21,E21]",21387
blk_5388674019325344174,Success,"[E5,E5,E22,E5,E11,E9,E11,E9,E26,E26,E11,E9,E26]",4
blk_66329641741134098,Success,"[E5,E22,E5,E5,E11,E9,E11,E9,E11,E9,E26,E26,E26,E23,E23,E23,E21,E21,E21]",6089
blk_-1216422391849236699,Success,"[E5,E5,E22,E5,E11,E9,E11,E9,E11,E9,E26,E26,E26]",3
blk_8016584874626394855,Fail,"[E5,E22,E5,E5,E11,E9,E11,E9,E11,E9,E26,E26,E26,E3,E23,E23,E23,E21,E21,E20,E21]",49103
blk_1695222493728403053,Success,"[E5,E5,E5,E22,E11,E9,E11,E9,E11,E9,E26,E26,E26,E2,E23,E23,E23,E21,E21,E21]",22951
blk_4440587564234975187,Success,"[E22,E5,E5,E5,E26,E26,E26,E11,E9,E11,E9,E11,E9,E4,E3,E4,E23,E23,E23,E21,E21,E21]",35853
blk_1239729917196639069,Success,"[E5,E5,E5,E22,E11,E9,E11,E9,E11,E9,E26,E26,E26,E23,E23,E23,E21,E21,E21]",525
blk_-2439195470945237693,Success,"[E22,E5,E5,E5,E11,E9,E11,E9,E11,E9,E26,E26,E26,E23,E23,E23,E21,E21,E21]",277
blk_-185081862582858739,Success,"[E5,E22,E5,E5,E11,E9,E11,E9,E11,E9,E26,E26,E26,E23,E23,E23,E21,E21,E21]",1941
blk_4224773981617252944,Success,"[E5,E5,E5,E22,E11,E9,E11,E9,E11,E9,E26,E26,E26,E23,E23,E23,E21,E21,E21]",1062
blk_-8638038981478719729,Success,"[E5,E5,E5,E22,E11,E9,E11,E9,E11,E9,E26,E26,E26,E4,E3,E3,E23,E23,E23,E21,E21,E21]",50265
blk_-9196644379228419877,Success,"[E5,E5,E22,E5,E11,E9,E11,E9,E11,E9,E26,E26,E26,E23,E23,E23,E21,E21,E21]",22269
blk_4932128939027632164,Success,"[E5,E5,E5,E22,E11,E9,E26,E11,E9,E11,E9,E26,E26,E2]",21902
blk_-2835496355272171625,Success,"[E5,E22,E5,E5,E11,E9,E11,E9,E11,E9,E26,E26,E26,E3,E3,E4,E3,E4,E3,E23,E23,E23,E21,E21,E21]",52893
blk_1359406515085448653,Success,"[E5,E5,E22,E5,E11,E9,E11,E9,E11,E9,E26,E26,E26,E23,E23,E23,E21,E21,E21]",6807
blk_3582333528752761548,Success,"[E5,E5,E5,E22,E11,E9,E11,E9,E11,E9,E26,E26,E26]",61
blk_-7326031911392506579,Success,"[E5,E5,E5,E22,E11,E9,E11,E9,E11,E9,E26,E26,E26,E23,E23,E23,E21,E21,E21]",10475
blk_-3057026651553426477,Success,"[E5,E22,E5,E5,E11,E9,E11,E9,E11,E9,E26,E26,E26]",4
blk_8135292087230413975,Fail,"[E5,E5,E5,E22,E11,E11,E9,E9,E11,E9,E26,E26,E26,E2,E2,E2,E4,E4,E4,E4,E4,E4,E4,E4,E4,E4,E4,E4,E4,E4,E4,E3,E23,E23,E23,E21,E21,E21,E20]",50546
blk_-6667855240564386302,Success,"[E5,E22,E5,E5,E11,E9,E11,E9,E11,E9,E26,E26,E26]",41
blk_4453939354707890073,Success,"[E5,E22,E5,E5,E11,E9,E11,E9,E11,E9,E26,E26,E26,E23,E23,E23,E21,E21,E21]",3041
blk_-1787134088034453187,Success,"[E5,E5,E5,E22,E11,E9,E11,E9,E11,E9,E26,E26,E26,E23,E23,E23,E21,E21,E21]",4578
blk_-272040240935872604,Success,"[E5,E5,E22,E5,E11,E9,E11,E9,E11,E9,E26,E26,E26,E23,E23,E23,E21,E21,E21]",2603
blk_6307676916621162811,Success,"[E5,E5,E5,E22,E11,E9,E11,E9,E11,E9,E26,E26,E26,E4,E4,E3,E23,E23,E23,E21,E21,E21]",47758
blk_3888635850409849568,Fail,"[E22,E5,E5,E5,E26,E26,E11,E9,E11,E9,E11,E9,E26,E27,E4,E3,E4,E2,E2,E2,E23,E23,E23,E21,E21,E21]",49723
blk_1724554057710658498,Success,"[E5,E5,E22,E5,E11,E9,E11,E9,E11,E9,E26,E26,E26,E3,E3,E23,E23,E23,E21,E21,E21]",51009
blk_-4785168592290532953,Success,"[E5,E5,E5,E22,E11,E9,E11,E9,E11,E9,E26,E26,E26,E23,E23,E23,E21,E21,E21]",9978
blk_-280309915940715979,Success,"[E22,E5,E5,E5,E26,E11,E9,E11,E9,E26,E26,E11,E9,E3,E3,E3,E3,E3,E3,E23,E23,E23,E21,E21,E21]",32397
blk_6390588103910356442,Success,"[E5,E5,E22,E5,E11,E9,E26,E11,E9,E26,E11,E9,E26,E23,E23,E23,E21,E21,E21]",4577
blk_526917177739911061,Success,"[E5,E22,E5,E5,E11,E9,E11,E9,E11,E9,E26,E26,E26,E23,E23,E23,E21,E21,E21]",4759
blk_8698496102097121616,Success,"[E22,E5,E5,E5,E26,E26,E26,E11,E9,E11,E9,E11,E9,E23,E23,E23,E21,E21,E21]",14594
blk_716526503103569277,Success,"[E22,E5,E5,E5,E26,E26,E26,E11,E9,E11,E9,E11,E9,E2,E23,E23,E23,E21,E21,E21]",39492
blk_4362619164659820265,Success,"[E5,E5,E5,E22,E11,E9,E11,E9,E11,E9,E26,E26,E26]",22
blk_-2942077810471468030,Fail,"[E22,E5,E5,E5,E25,E26,E26,E11,E9,E11,E9,E11,E9,E26,E18,E17,E5,E7,E4,E3,E4,E3,E4,E3,E4,E23,E23,E23,E21,E21,E21]",33169
blk_1512236325828371611,Success,"[E22,E5,E5,E5,E26,E26,E26,E11,E9,E11,E9,E11,E9,E23,E23,E23,E21,E21,E21]",38442
blk_-3530818717089461023,Success,"[E5,E22,E5,E5,E11,E9,E11,E9,E11,E9,E26,E26,E26,E23,E23,E23,E21,E21,E21]",2003
blk_178250935983365172,Success,"[E22,E5,E5,E5,E26,E26,E26,E11,E9,E11,E9,E11,E9,E2,E23,E23,E23,E21,E21,E21]",37350
blk_1899426950232538111,Success,"[E22,E5,E5,E5,E26,E26,E26,E11,E9,E11,E9,E11,E9,E4,E4,E3,E2,E23,E23,E23,E21,E21,E21]",35734
blk_4205873358222866471,Success,"[E5,E5,E5,E22,E11,E9,E11,E9,E11,E9,E26,E26,E26,E23,E23,E23,E21,E21,E21]",3027
blk_3597121268611563243,Success,"[E5,E22,E5,E5,E26,E11,E9,E11,E9,E11,E9,E26,E26,E23,E23,E23,E21,E21,E21]",529
blk_3398036493690301692,Success,"[E5,E22,E5,E5,E26,E26,E26,E11,E9,E11,E9,E11,E9,E4,E3,E4,E2,E2,E23,E23,E23,E21,E21,E21]",37130
blk_3825911791052295728,Success,"[E5,E5,E22,E5,E11,E9,E11,E9,E11,E9,E26,E26,E26]",40
blk_-9223103549074901834,Success,"[E22,E5,E5,E5,E26,E11,E9,E11,E9,E11,E9,E26,E26,E23,E23,E23,E21,E21,E21]",4784
blk_-909250977698389851,Success,"[E5,E5,E5,E22,E11,E9,E11,E9,E11,E9,E26,E26,E26,E23,E23,E23,E21,E21,E21]",3032
blk_7563227143404066656,Success,"[E5,E5,E5,E22,E11,E9,E11,E9,E11,E9,E26,E26,E26,E23,E23,E23,E21,E21,E21]",10633
blk_2706861333896813370,Success,"[E5,E22,E5,E5,E11,E9,E11,E9,E11,E9,E26,E26,E26,E23,E23,E23,E21,E21,E21]",2534
blk_-6672637350920895321,Success,"[E5,E5,E22,E5,E11,E9,E11,E9,E11,E9,E26,E26,E26,E23,E23,E23,E21,E21,E21]",21995
blk_5225095735333122174,Success,"[E5,E5,E22,E5,E11,E9,E11,E9,E26,E26,E11,E9,E26,E23,E23,E23,E21,E21,E21]",1399
blk_7703317424163136612,Success,"[E5,E5,E5,E22,E11,E9,E11,E9,E11,E9,E26,E26,E26]",55
blk_5958700958673902202,Success,"[E5,E5,E5,E22,E26,E11,E9,E11,E9,E11,E9,E26,E26,E23,E23,E23,E21,E21,E21]",1241
blk_-8936510483827645057,Success,"[E5,E22,E5,E5,E11,E9,E11,E9,E26,E26,E11,E9,E26,E23,E23,E23,E21,E21,E21]",3575
blk_2784084578095654465,Fail,"[E5,E5,E22,E5,E11,E9,E11,E9,E11,E9,E26,E26,E25,E26,E18,E5,E6,E16,E26,E21,E3,E23,E23,E23,E21,E21,E28,E26,E21]",49575
blk_1305412955964705448,Success,"[E5,E5,E5,E22,E11,E9,E11,E9,E11,E9,E26,E26,E26,E23,E23,E23,E21,E21,E21]",22184
blk_4679276599528353148,Fail,"[E5,E22,E5,E5,E11,E9,E11,E9,E11,E9,E26,E26,E27,E26,E4,E4,E3,E23,E23,E23,E21,E21,E21]",48199
blk_6499638652372671396,Success,"[E22,E5,E5,E5,E26,E26,E26,E11,E9,E11,E9,E11,E9,E4,E3,E4,E2,E2,E23,E23,E23,E21,E21,E21]",37086
blk_-1019451190038135069,Success,"[E5,E5,E5,E22,E11,E9,E11,E9,E11,E9,E26,E26,E26,E23,E23,E23,E21,E21,E21]",3011
blk_8466172193240346381,Success,"[E5,E5,E5,E22,E11,E9,E26,E11,E9,E11,E9,E26,E26,E23,E23,E23,E21,E21,E21]",464
blk_6330403809110537203,Success,"[E5,E22,E5,E5,E11,E9,E11,E9,E11,E9,E26,E26,E26,E3,E3,E4,E3,E3,E4,E23,E23,E23,E21,E21,E21]",51409
blk_7447735870054767593,Success,"[E5,E5,E22,E5,E11,E9,E26,E11,E9,E11,E9,E26,E26,E2,E23,E23,E23,E21,E21,E21]",2675
blk_-8122638974387556519,Fail,"[E22,E5,E5,E5,E11,E9,E26,E11,E9,E11,E9,E25,E26,E26,E18,E17,E5,E7,E4,E3,E4,E23,E23,E23,E21,E21,E21]",52414
blk_4685055692930557351,Success,"[E22,E5,E5,E5,E11,E9,E11,E9,E11,E9,E26,E26,E26,E23,E23,E23,E21,E21,E21]",21249
blk_7611999541002328747,Fail,"[E22,E5,E5,E5,E11,E9,E11,E9,E11,E9,E26,E26,E26,E4,E4,E3,E23,E23,E23,E21,E21,E20,E28,E26,E21]",48596
blk_-3136544414277070171,Success,"[E22,E5,E5,E5,E26,E26,E11,E9,E11,E9,E26,E11,E9,E4,E3,E4,E2,E23,E23,E23,E21,E21,E21]",35793
blk_-7565558699932274446,Success,"[E5,E5,E5,E22,E11,E9,E11,E9,E11,E9,E26,E26,E26]",51
blk_5341432919532146374,Success,"[E5,E5,E5,E22,E11,E9,E11,E9,E26,E26,E11,E9,E26,E23,E23,E23,E21,E21,E21]",2814
blk_1599132862734690823,Success,"[E5,E22,E5,E5,E11,E9,E11,E9,E11,E9,E26,E26,E26,E3,E4,E3,E3,E3,E4,E23,E23,E23,E21,E21,E21]",51116
blk_7999241143716748934,Fail,"[E22,E5,E5,E5,E26,E11,E9,E26,E26,E11,E9,E11,E9,E4,E3,E4,E4,E4,E4,E4,E4,E4,E4,E4,E4,E4,E4,E4,E4,E23,E23,E23,E21,E21,E21,E20]",50098
blk_-5685896034357608605,Success,"[E5,E5,E5,E22,E11,E9,E11,E9,E26,E11,E9,E26,E26,E23,E23,E23,E21,E21,E21]",1544
blk_-7907328997376228354,Success,"[E5,E5,E5,E22,E11,E9,E11,E9,E11,E9,E26,E26,E26,E23,E23,E23,E21,E21,E21]",23274
blk_7884611770527651458,Success,"[E5,E5,E22,E5,E11,E9,E11,E9,E11,E9,E26,E26,E26,E23,E23,E23,E21,E21,E21]",1639
blk_5474777940887215689,Success,"[E5,E22,E5,E5,E11,E9,E11,E9,E11,E9,E26,E26,E26,E23,E23,E23,E21,E21,E21]",695
blk_8439242750556225488,Fail,"[E5,E5,E22,E5,E26,E11,E9,E11,E9,E11,E9,E26,E25,E18,E26,E23,E23,E23,E21,E21,E21]",11306
blk_329204048984389397,Success,"[E22,E5,E5,E5,E26,E26,E26,E11,E9,E11,E9,E11,E9,E3,E23,E23,E23,E21,E21,E21]",36440
blk_7924629469787247296,Success,"[E5,E5,E5,E22,E11,E9,E11,E9,E11,E9,E26,E26,E26,E23,E23,E23,E21,E21,E21]",21443
blk_-35590991128536896,Success,"[E5,E5,E5,E22,E11,E9,E11,E9,E11,E9,E26,E26,E26,E23,E23,E23,E21,E21,E21]",2826
blk_3531880919694159766,Success,"[E22,E5,E5,E5,E11,E9,E11,E9,E26,E26,E11,E9,E26,E23,E23,E23,E21,E21,E21]",1078
blk_-6895365820229878882,Success,"[E5,E5,E5,E22,E11,E9,E11,E9,E11,E9,E26,E26,E26,E23,E23,E23,E21,E21,E21]",20608
blk_2265249433895337315,Success,"[E22,E5,E5,E5,E26,E26,E26,E11,E9,E11,E9,E11,E9,E23,E23,E23,E21,E21,E21]",39666
blk_-1207902573533058076,Success,"[E5,E5,E5,E22,E11,E9,E11,E9,E11,E9,E26,E26,E26,E23,E23,E23,E21,E21,E21]",23706
blk_-3020599586207049993,Success,"[E22,E5,E5,E5,E26,E26,E26,E11,E9,E9,E11,E9,E11,E4,E3,E4,E3,E4,E3,E23,E23,E23,E21,E21,E21]",32255
blk_3969799864183012109,Success,"[E22,E5,E5,E5,E26,E26,E26,E11,E9,E11,E9,E11,E9,E3,E2,E2,E23,E23,E23,E21,E21,E21]",36596
blk_964478228903850557,Success,"[E5,E5,E5,E22,E11,E9,E11,E9,E11,E9,E26,E26,E26,E23,E23,E23,E21,E21,E21]",21028
blk_-6285354813321991910,Success,"[E5,E5,E22,E5,E11,E9,E11,E9,E11,E9,E26,E26,E26]",5
blk_6092467496709961789,Success,"[E5,E22,E5,E5,E11,E9,E11,E9,E11,E9,E26,E26,E26,E3,E3,E4,E3,E3,E4,E23,E23,E23,E21,E21,E21]",52973
blk_7985209015991034281,Success,"[E5,E5,E5,E22,E9,E11,E9,E26,E11,E11,E9,E26,E26,E4,E3,E4,E2,E23,E23,E23,E21,E21,E21]",48559
blk_-1046204155948776505,Success,"[E5,E5,E22,E5,E11,E9,E11,E9,E11,E9,E26,E26,E26,E23,E23,E23,E21,E21,E21]",3246
blk_3577283724938406381,Success,"[E5,E5,E5,E22,E11,E9,E11,E9,E11,E9,E26,E26,E26,E3,E3,E23,E23,E23,E21,E21,E21]",50806
blk_-2227718902459661526,Success,"[E5,E22,E5,E5,E11,E9,E26,E11,E9,E11,E9,E26,E26]",38
blk_6854962070113065717,Success,"[E22,E5,E5,E5,E11,E9,E11,E9,E11,E9,E26,E26,E26,E23,E23,E23,E21,E21,E21]",10900
blk_-7983513191866795730,Success,"[E5,E5,E5,E22,E11,E9,E11,E9,E11,E9,E26,E26,E26]",36
blk_-8699170385881750376,Success,"[E5,E22,E5,E5,E11,E9,E11,E9,E26,E26,E26,E11,E9,E23,E23,E23,E21,E21,E21]",958
blk_-996347883764301005,Success,"[E5,E5,E22,E5,E11,E9,E11,E9,E11,E9,E26,E26,E26,E23,E23,E23,E21,E21,E21]",1969
blk_6183815511181516591,Success,"[E5,E5,E22,E5,E11,E9,E11,E9,E11,E9,E26,E26,E26,E23,E23,E23,E21,E21,E21]",22021
blk_6543774740234814700,Success,"[E5,E5,E5,E22,E11,E9,E11,E9,E11,E9,E26,E26,E26,E23,E23,E23,E21,E21,E21]",145
blk_917830561149726244,Fail,"[E22,E5,E5,E5,E11,E9,E26,E26,E11,E9,E26,E11,E9,E4,E4,E3,E23,E23,E23,E21,E21,E28,E26,E21]",50047
blk_1738956221309865257,Success,"[E5,E5,E5,E22,E11,E9,E11,E9,E11,E9,E26,E26,E26,E3,E3,E4,E2,E3,E3,E4,E23,E23,E23,E21,E21,E21]",52263
blk_3766832764310428869,Success,"[E22,E5,E5,E5,E26,E26,E26,E11,E9,E11,E9,E11,E9,E23,E23,E23,E21,E21,E21]",37896
